{
    "K": [
        [
            6928.8008958872115,
            0.0,
            972.6275445706823
        ],
        [
            0.0,
            6892.261818518524,
            360.7333074637074
        ],
        [
            0.0,
            0.0,
            1.0
        ]
    ],
    "dist": [
        [
            -0.3182234382461256,
            53.89711861944868,
            0.0087881302736412,
            0.0010006366613558536,
            -1535.4763043130245
        ]
    ]
}